Category,Subcategory,Question,Answer
Inquiry/Help,Antivirus,How to update the antivirus definition files manually?,"To manually update antivirus definition files, open the antivirus software interface, locate the update or definition section, and follow the prompts to check for updates. If issues persist, contact the IT support team for assistance."
Inquiry/Help,Antivirus,What to do if the antivirus scan is taking too long to complete?,"If the antivirus scan is prolonged, check system resources, schedule scans during low-usage periods, and consider adjusting scan settings. Contact IT support if the issue persists for further investigation."
Inquiry/Help,Antivirus,How to troubleshoot if the antivirus is blocking a legitimate application?,"If the antivirus is blocking a legitimate application, check the quarantine or blocked items section in the antivirus settings. Whitelist the application if necessary. Contact IT support for assistance with application permissions and antivirus configurations."
Inquiry/Help,Antivirus,What steps to take if the antivirus is not updating automatically?,"If the antivirus fails to update automatically, check internet connectivity, verify update settings, and ensure there are no firewall restrictions. Contact IT support for assistance with update configurations and network checks."
Inquiry/Help,Antivirus,How to perform a manual antivirus scan on a specific folder or file?,"To manually scan a specific folder or file, open the antivirus software, navigate to the scan options, and choose the specific location for scanning. Contact IT support if additional guidance is needed."
Inquiry/Help,Antivirus,What to do if the antivirus is detecting false positives?,"If false positives are detected, check for antivirus software updates, submit flagged files for analysis, and consider adjusting sensitivity settings. Contact IT support for assistance with false positive reports and antivirus configurations."
Inquiry/Help,Antivirus,How to exclude files or folders from antivirus scans?,"To exclude files or folders from antivirus scans, access the antivirus settings, locate the exclusions or exceptions section, and add the desired items to the exclusion list. Contact IT support for guidance on exclusions and antivirus configurations."
Inquiry/Help,Antivirus,What steps to take if the antivirus is causing system slowdowns?,"If the antivirus is causing system slowdowns, review scan schedules, adjust resource usage settings, and consider upgrading hardware if needed. Contact IT support for assistance with performance optimization and antivirus configurations."
Inquiry/Help,Antivirus,How to check if the antivirus is running and up to date?,"To verify if the antivirus is running and up to date, check the system tray or taskbar for the antivirus icon. Open the antivirus interface and confirm the last update date. Contact IT support if there are concerns about the antivirus status."
Inquiry/Help,Antivirus,What to do if the antivirus is not responding or crashing?,"If the antivirus is not responding or crashing, restart the antivirus service, check for software updates, and run antivirus repair tools if available. Contact IT support for assistance with antivirus troubleshooting and configurations."
Inquiry/Help,Email,How to troubleshoot email login issues?,"If experiencing email login issues, verify the username and password, check internet connectivity, and ensure the email server settings are correct. Contact IT support for account verification and assistance."
Inquiry/Help,Email,What steps to take when emails are not syncing on a mobile device?,"If emails are not syncing on a mobile device, check the device's internet connection, refresh the mailbox, and verify email account settings. Contact IT support for assistance with email synchronization and configurations."
Inquiry/Help,Email,"How to resolve ""Cannot Send Email"" errors in the email client?","If unable to send emails, check outgoing server settings, verify internet connectivity, and ensure there are no restrictions on the email account. Contact IT support for assistance with email sending issues and configurations."
Inquiry/Help,Email,What to do if emails are landing in the spam folder?,"If emails are marked as spam, review email content, check sender reputation, and whitelist legitimate senders. Contact IT support for assistance with spam filter adjustments and email security configurations."
Inquiry/Help,Email,How to troubleshoot attachment issues in email?,"For attachment problems, check file sizes, verify attachment formats, and ensure there are no restrictions on file types. Contact IT support for assistance with email attachment troubleshooting and configurations."
Inquiry/Help,Email,"What steps to take when encountering ""Email Account Locked"" messages?","If an email account is locked, check for multiple failed login attempts, reset the account password, and enable additional security measures. Contact IT support for assistance with account unlocking and security checks."
Inquiry/Help,Email,How to set up email on a new device?,"To set up email on a new device, access the email settings, enter the correct server details, and verify account credentials. Contact IT support for assistance with email setup and configurations on new devices."
Inquiry/Help,Email,What to do if emails are missing from the inbox?,"If emails are missing, check filters or rules, review deleted items or archives, and search for missing emails. Contact IT support for assistance with email recovery and troubleshooting missing email issues."
Inquiry/Help,Email,How to troubleshoot email server connection issues?,"For server connection problems, check internet connectivity, verify server settings, and ensure there are no server outages. Contact IT support for assistance with email server connection troubleshooting."
Inquiry/Help,Email,"What steps to take when encountering ""Email Delivery Delayed"" messages?","If emails are delayed, check internet speed, verify server status, and review email server logs. Contact IT support for assistance with email delivery delays and server-side troubleshooting."
Inquiry/Help,Internal Application,How to troubleshoot login issues with the internal application?,"If experiencing login issues, verify username and password, check account status, and ensure network connectivity. Contact IT support for account verification and assistance with internal application access."
Inquiry/Help,Internal Application,What steps to take if the internal application is slow or unresponsive?,"If the application is slow, check system resources, clear browser cache, and review network connectivity. Contact IT support for assistance with performance optimization and internal application responsiveness."
Inquiry/Help,Internal Application,"How to resolve ""Access Denied"" errors when using the internal application?","If encountering access denied errors, verify user permissions, check account roles, and contact IT support for assistance with access configurations and troubleshooting."
Inquiry/Help,Internal Application,What to do if there are issues with data not saving in the internal application?,"If data is not saving, check for required fields, review data entry, and ensure there are no server-side issues. Contact IT support for assistance with data saving issues and internal application troubleshooting."
Inquiry/Help,Internal Application,How to troubleshoot error messages in the internal application?,"For error messages, note the specific error details, check application logs, and contact IT support for assistance with error resolution and application troubleshooting."
Inquiry/Help,Internal Application,What steps to take if the internal application is displaying incorrect information?,"If information is incorrect, verify data sources, check for data synchronization issues, and contact IT support for assistance with data accuracy and internal application troubleshooting."
Inquiry/Help,Internal Application,How to navigate and use specific features within the internal application?,"To navigate specific features, refer to the application's user guide or documentation. Contact IT support for additional training or assistance with using specific features in the internal application."
Inquiry/Help,Internal Application,What to do if there are issues with internal application integrations?,"If facing integration issues, check integration configurations, review API connections, and contact IT support for assistance with integration troubleshooting and configurations."
Inquiry/Help,Internal Application,How to troubleshoot printing problems within the internal application?,"For printing issues, check printer settings, review print permissions, and contact IT support for assistance with internal application printing troubleshooting."
Inquiry/Help,Internal Application,"What steps to take when encountering ""Session Expired"" messages in the internal application?","If sessions expire, refresh the browser, log in again, and check for extended session settings. Contact IT support for assistance with session management and internal application troubleshooting."
Software,Email,How to troubleshoot email synchronization issues in the software?,"If experiencing synchronization issues, check internet connectivity, verify email account settings, and review synchronization schedules. Contact IT support for assistance with email synchronization troubleshooting."
Software,Email,What steps to take if the email software is not launching?,"If the software fails to launch, check for software updates, restart the computer, and run software repair tools if available. Contact IT support for assistance with software launch issues and configurations."
Software,Email,"How to resolve ""Connection Timed Out"" errors in the email software?","If encountering connection timeouts, check internet stability, verify server settings, and ensure there are no firewall restrictions. Contact IT support for assistance with connection timeout troubleshooting and configurations."
Software,Email,What to do if the email software is not displaying new messages?,"If new messages are not displayed, check for software updates, refresh the mailbox, and review email filters. Contact IT support for assistance with displaying new messages and software troubleshooting."
Software,Email,How to troubleshoot attachment download issues in the email software?,"For attachment download problems, check file sizes, verify download settings, and review security configurations. Contact IT support for assistance with attachment download troubleshooting and software configurations."
Software,Email,"What steps to take when encountering ""Email Not Responding"" messages in the software?","If the software is not responding, close unnecessary processes, check system resources, and restart the software. Contact IT support for assistance with software responsiveness and troubleshooting."
Software,Email,How to set up multiple email accounts in the software?,"To set up multiple email accounts, access the software settings, navigate to the account section, and add additional email accounts. Contact IT support for assistance with configuring multiple email accounts in the software."
Software,Email,What to do if the software is not syncing with the email server?,"If there is a sync issue, check server settings, review synchronization logs, and ensure there are no server-side problems. Contact IT support for assistance with software and email server synchronization troubleshooting."
Software,Email,How to troubleshoot email formatting issues in the software?,"For formatting problems, check for software updates, review email editor settings, and ensure compatibility with different email clients. Contact IT support for assistance with email formatting troubleshooting and software configurations."
Software,Email,"What steps to take when encountering ""Invalid Credentials"" errors in the email software?","If credentials are deemed invalid, verify username and password accuracy, check account status, and contact IT support for assistance with login issues and software configurations."
Software,Operating System,How to troubleshoot a slow computer running on the operating system?,"If the computer is slow, check for background processes, review startup programs, and run disk cleanup. Contact IT support for assistance with performance optimization and operating system responsiveness."
Software,Operating System,What steps to take if the operating system is not booting up?,"If the system fails to boot, check for hardware issues, perform a system restore, and use recovery options. Contact IT support for assistance with operating system boot issues and troubleshooting."
Software,Operating System,"How to resolve ""Blue Screen of Death"" (BSOD) errors in the operating system?","For BSOD errors, note error codes, check recently installed drivers or updates, and run system diagnostics. Contact IT support for assistance with BSOD error resolution and operating system troubleshooting."
Software,Operating System,What to do if there are issues with software installations on the operating system?,"If facing installation problems, verify software compatibility, run installation as an administrator, and check for system requirements. Contact IT support for assistance with software installation troubleshooting on the operating system."
Software,Operating System,How to troubleshoot network connectivity issues in the operating system?,"If experiencing network issues, check network settings, restart the router, and run network diagnostics. Contact IT support for assistance with operating system network troubleshooting."
Software,Operating System,What to do if the operating system search function is not working properly?,"If search problems persist, rebuild the search index, check indexing options, and run Windows Search troubleshooter. Contact IT support for assistance with search function issues and operating system configurations."
Software,Operating System,How to troubleshoot issues with the operating system's power settings?,"If power settings are problematic, reset power plans, update graphics drivers, and check for software conflicts. Contact IT support for assistance with power settings issues and operating system configurations."
Software,Operating System,What steps to take if the operating system is not recognizing printers?,"If printers are not recognized, check printer connections, update printer drivers, and run the Printer troubleshooter. Contact IT support for assistance with printer recognition issues and operating system configurations."
Software,Operating System,"How to resolve ""Access Denied"" errors when accessing certain folders on the operating system?","For access denied errors, review folder permissions, take ownership of the folder, and check for malware. Contact IT support for assistance with access denied error resolution and operating system troubleshooting."
Software,Operating System,What to do if the operating system is not allowing software installations?,"If installation is restricted, run installers as an administrator, check group policies, and ensure antivirus exclusions. Contact IT support for assistance with software installation restrictions and operating system configurations."
Hardware,CPU,How to troubleshoot overheating issues in the CPU?,"If the CPU is overheating, check for dust accumulation, ensure proper airflow, and consider upgrading cooling solutions. Contact IT support for assistance with CPU overheating troubleshooting and hardware configurations."
Hardware,CPU,What to do if the CPU fan is making unusual noises?,"If the fan is noisy, check for obstructions, clean the fan blades, and consider replacing the fan if necessary. Contact IT support for assistance with noisy CPU fan troubleshooting and hardware configurations."
Hardware,CPU,How to troubleshoot CPU performance issues?,"If facing performance problems, check for background processes, update device drivers, and run performance diagnostics. Contact IT support for assistance with CPU performance troubleshooting and hardware configurations."
Hardware,CPU,What steps to take if the CPU is not recognized by the system?,"If the CPU is not recognized, check for loose connections, update BIOS firmware, and verify CPU compatibility. Contact IT support for assistance with unrecognized CPU troubleshooting and hardware configurations."
Hardware,CPU,"How to resolve ""CPU Fan Error"" messages during startup?","If encountering fan errors, check fan connections, adjust BIOS settings, and consider replacing the fan if needed. Contact IT support for assistance with CPU fan error troubleshooting and hardware configurations."
Hardware,CPU,"How to resolve ""CPU Not Detected"" errors on the hardware?","If not detected, check for loose connections, update BIOS firmware, and verify CPU compatibility. Contact IT support for assistance with CPU not detected error resolution and hardware configurations."
Hardware,CPU,What to do if the CPU is not reaching its maximum boost clock on the hardware?,"If boost clocks are below expectations, check for power settings, update BIOS firmware, and run CPU stress tests. Contact IT support for assistance with CPU boost clock issues and hardware configurations."
Hardware,CPU,How to troubleshoot issues with CPU core utilization on the hardware?,"If core utilization is uneven, check for background processes, run system diagnostics, and consider BIOS updates. Contact IT support for assistance with CPU core utilization issues and hardware configurations."
Hardware,CPU,What steps to take if the CPU is causing system bottlenecks on the hardware?,"If bottlenecks occur, identify resource-intensive applications, run hardware benchmarks, and consider hardware upgrades. Contact IT support for assistance with CPU-related system bottlenecks and hardware configurations."
Hardware,CPU,"How to resolve ""CPU Compatibility Error"" messages on the hardware?","If encountering compatibility errors, check motherboard specifications, update BIOS firmware, and consider motherboard replacement. Contact IT support for assistance with CPU compatibility error resolution and hardware configurations."
Hardware,Disk,How to troubleshoot slow disk performance on the system?,"If disk performance is slow, check for disk fragmentation, run disk cleanup, and consider upgrading to a faster storage solution. Contact IT support for assistance with slow disk performance troubleshooting and hardware configurations."
Hardware,Disk,What steps to take if the disk is not recognized by the system?,"If the disk is not recognized, check for loose connections, try different ports, and use disk management tools for recognition. Contact IT support for assistance with unrecognized disk troubleshooting and hardware configurations."
Hardware,Disk,"How to resolve ""Disk Full"" errors on the system?","If facing disk full errors, review disk usage, delete unnecessary files, and consider expanding storage capacity. Contact IT support for assistance with disk full error troubleshooting and hardware configurations."
Hardware,Disk,What to do if there are issues with disk read/write errors?,"If encountering read/write errors, run disk checks, update disk drivers, and consider replacing the disk if errors persist. Contact IT support for assistance with disk error troubleshooting and hardware configurations."
Hardware,Disk,How to troubleshoot data loss on the disk?,"If experiencing data loss, use data recovery tools, check for backups, and avoid further disk usage. Contact IT support for assistance with data loss troubleshooting and hardware configurations."
Hardware,Disk,How to troubleshoot issues with slow read/write speeds on the disk hardware?,"If read/write speeds are slow, check for disk fragmentation, run disk cleanup, and consider upgrading to a faster storage solution. Contact IT support for assistance with slow disk read/write speed troubleshooting and hardware configurations."
Hardware,Disk,What steps to take if the disk is making clicking or grinding noises?,"If the disk is noisy, back up data immediately, run disk diagnostics, and consider replacing the disk if necessary. Contact IT support for assistance with noisy disk troubleshooting and hardware configurations."
Hardware,Disk,"How to resolve ""Disk Boot Failure"" messages during startup on the hardware?","If encountering boot failure errors, check for loose connections, repair the Master Boot Record (MBR), and verify boot order settings. Contact IT support for assistance with disk boot failure troubleshooting and hardware configurations."
Hardware,Disk,What to do if there are issues with accessing specific folders or files on the disk?,"If access problems occur, check file permissions, run disk checks, and consider data recovery options. Contact IT support for assistance with disk access issues and hardware configurations."
Hardware,Disk,How to troubleshoot issues with disk space running low on the hardware?,"If disk space is low, delete unnecessary files, move data to external storage, and consider upgrading storage capacity. Contact IT support for assistance with low disk space troubleshooting and hardware configurations."
Hardware,Keyboard,How to troubleshoot unresponsive keys on the keyboard hardware?,"If keys are unresponsive, check for physical obstructions, clean the keyboard, and consider testing on another computer. Contact IT support for assistance with unresponsive keyboard key troubleshooting and hardware configurations."
Hardware,Keyboard,What steps to take if certain keys on the keyboard are typing the wrong characters?,"If typing errors occur, check keyboard language settings, run keyboard diagnostics, and consider replacing the keyboard if necessary. Contact IT support for assistance with keyboard typing errors troubleshooting and hardware configurations."
Hardware,Keyboard,How to resolve issues with the keyboard repeating characters unexpectedly?,"If characters repeat unexpectedly, adjust key repeat settings, clean the keyboard, and consider testing on another computer. Contact IT support for assistance with keyboard repeating characters troubleshooting and hardware configurations."
Hardware,Keyboard,What to do if the keyboard is not recognized by the system hardware?,"If the keyboard is not recognized, check for loose connections, try different USB ports, and consider testing on another computer. Contact IT support for assistance with unrecognized keyboard troubleshooting and hardware configurations."
Hardware,Keyboard,How to troubleshoot issues with multimedia keys not functioning on the keyboard?,"If multimedia keys do not work, check for driver updates, configure multimedia key settings, and consider testing on another computer. Contact IT support for assistance with multimedia key troubleshooting and hardware configurations."
Hardware,Keyboard,What steps to take if liquid is spilled on the keyboard hardware?,"If liquid spillage occurs, immediately turn off the keyboard, disconnect it, and clean with isopropyl alcohol. Contact IT support for further assistance with liquid spillage on the keyboard and hardware configurations."
Hardware,Keyboard,How to resolve issues with the keyboard backlight not working?,"If backlight issues persist, check for driver updates, adjust backlight settings, and consider testing on another computer. Contact IT support for assistance with keyboard backlight troubleshooting and hardware configurations."
Hardware,Keyboard,What to do if keys on the keyboard are sticking?,"If keys stick, clean the keyboard, use compressed air to remove debris, and consider testing on another computer. Contact IT support for assistance with sticking keys on the keyboard and hardware configurations."
Hardware,Keyboard,How to troubleshoot wireless connectivity issues with a wireless keyboard?,"If connectivity problems arise, check for battery issues, re-establish the wireless connection, and consider testing with a wired connection. Contact IT support for assistance with wireless keyboard connectivity troubleshooting and hardware configurations."
Hardware,Keyboard,What steps to take if the keyboard is generating incorrect characters after a system update?,"If post-update errors occur, check for driver updates, revert recent system changes, and consider reinstalling keyboard drivers. Contact IT support for assistance with keyboard post-update errors troubleshooting and hardware configurations."
Hardware,Memory,How to troubleshoot system crashes related to memory issues?,"If memory-related crashes occur, run memory diagnostics, check for faulty RAM modules, and consider adjusting virtual memory settings. Contact IT support for assistance with memory-related system crashes troubleshooting and hardware configurations."
Hardware,Memory,What steps to take if the system is not recognizing the full amount of installed memory?,"If memory recognition issues arise, reseat RAM modules, update BIOS firmware, and consider testing with individual modules. Contact IT support for assistance with unrecognized memory troubleshooting and hardware configurations."
Hardware,Memory,"How to resolve ""Memory Management"" BSOD errors on the hardware?","For Memory Management errors, run memory diagnostics, update device drivers, and consider replacing faulty RAM modules. Contact IT support for assistance with Memory Management BSOD error troubleshooting and hardware configurations."
Hardware,Memory,What to do if the system experiences frequent freezes related to memory issues?,"If freezes occur, run memory tests, check for incompatible RAM, and consider adjusting memory timings. Contact IT support for assistance with memory-related system freeze troubleshooting and hardware configurations."
Hardware,Memory,How to troubleshoot issues with slow system performance caused by memory constraints?,"If performance is slow, check for memory-intensive applications, upgrade RAM capacity, and consider optimizing startup programs. Contact IT support for assistance with slow system performance due to memory constraints and hardware configurations."
Hardware,Memory,What steps to take if there are errors during the Windows Memory Diagnostic tool?,"If errors are detected, reseat RAM modules, test individual modules, and consider replacing faulty RAM. Contact IT support for assistance with Memory Diagnostic tool errors troubleshooting and hardware configurations."
Hardware,Memory,How to resolve system instability caused by memory conflicts?,"If instability occurs, run memory diagnostics, update BIOS firmware, and check for memory module compatibility. Contact IT support for assistance with memory-related system instability troubleshooting and hardware configurations."
Hardware,Memory,"What to do if the system encounters ""Low Memory"" warnings frequently?","If low memory warnings persist, close unused applications, consider upgrading RAM capacity, and adjust virtual memory settings. Contact IT support for assistance with frequent ""Low Memory"" warnings troubleshooting and hardware configurations."
Hardware,Memory,How to troubleshoot issues with memory leaks on the system?,"If memory leaks are suspected, monitor task manager, update software applications, and consider running anti-malware scans. Contact IT support for assistance with memory leak troubleshooting and hardware configurations."
Hardware,Memory,What steps to take if the system experiences random reboots related to memory problems?,"If reboots occur, run memory tests, check for overheating, and consider replacing faulty RAM modules. Contact IT support for assistance with memory-related random reboot troubleshooting and hardware configurations."
Hardware,Monitor,How to troubleshoot a blank or black screen on the monitor?,"If the screen is black, check cable connections, test with another device, and adjust display settings. Contact IT support for assistance with blank or black screen troubleshooting and monitor configurations."
Hardware,Monitor,What steps to take if the monitor displays distorted or fuzzy images?,"If images appear distorted, check cable integrity, adjust resolution settings, and test with another monitor. Contact IT support for assistance with distorted or fuzzy image troubleshooting and monitor configurations."
Hardware,Monitor,"How to resolve ""No Signal"" errors on the monitor?","If encountering no signal errors, check cable connections, test with another device, and consider adjusting input sources. Contact IT support for assistance with ""No Signal"" error resolution and monitor configurations."
Hardware,Monitor,What to do if the monitor is not recognized by the system hardware?,"If the monitor is not recognized, check for loose connections, test with another device, and consider updating graphics drivers. Contact IT support for assistance with unrecognized monitor troubleshooting and monitor configurations."
Hardware,Monitor,How to troubleshoot issues with screen flickering on the monitor?,"If flickering occurs, check cable connections, adjust refresh rates, and test with another device. Contact IT support for assistance with screen flickering troubleshooting and monitor configurations."
Hardware,Monitor,What steps to take if there are dead pixels on the monitor screen?,"If dead pixels are visible, run pixel-fixing software, test with solid colors, and consider contacting the manufacturer for warranty support. Contact IT support for assistance with dead pixel troubleshooting and monitor configurations."
Hardware,Monitor,"How to resolve issues with the monitor showing a ""Out of Range"" message?","If ""Out of Range"" messages appear, adjust resolution settings, test with another monitor, and consider updating graphics drivers. Contact IT support for assistance with ""Out of Range"" message resolution and monitor configurations."
Hardware,Monitor,What to do if the monitor is displaying color issues or abnormal hues?,"If color problems persist, check cable connections, adjust color settings, and test with another device. Contact IT support for assistance with monitor color issue troubleshooting and monitor configurations."
Hardware,Monitor,How to troubleshoot issues with the monitor's power not turning on?,"If the monitor does not power on, check power connections, test with another power source, and consider contacting the manufacturer for assistance. Contact IT support for help with monitor power issues and configurations."
Hardware,Monitor,What steps to take if the monitor resolution is not optimal for the display?,"If resolution is suboptimal, adjust display settings, update graphics drivers, and test with another monitor. Contact IT support for assistance with suboptimal monitor resolution troubleshooting and configurations."
Hardware,Mouse,How to troubleshoot a non-responsive or erratic mouse cursor?,"If the cursor is non-responsive or erratic, check for debris on the sensor, test with another surface, and consider updating mouse drivers. Contact IT support for assistance with non-responsive or erratic mouse cursor troubleshooting and configurations."
Hardware,Mouse,What steps to take if the mouse buttons are not working correctly?,"If mouse buttons are malfunctioning, clean the mouse buttons, test with another mouse, and consider updating mouse drivers. Contact IT support for assistance with mouse button malfunction troubleshooting and configurations."
Hardware,Mouse,How to resolve issues with the mouse pointer moving too fast or too slow?,"If pointer speed is an issue, adjust mouse sensitivity settings, test with another surface, and consider updating mouse drivers. Contact IT support for assistance with mouse pointer speed troubleshooting and configurations."
Hardware,Mouse,What to do if the mouse is not recognized by the system hardware?,"If the mouse is not recognized, check for loose connections, test with another USB port, and consider updating mouse drivers. Contact IT support for assistance with unrecognized mouse troubleshooting and configurations."
Hardware,Mouse,How to troubleshoot issues with the mouse scroll wheel not working?,"If the scroll wheel is unresponsive, clean the scroll wheel, test with another mouse, and consider updating mouse drivers. Contact IT support for assistance with mouse scroll wheel troubleshooting and configurations."
Hardware,Mouse,What steps to take if the mouse pointer disappears on the screen?,"If the pointer disappears, check for software conflicts, test with another mouse, and consider updating graphics drivers. Contact IT support for assistance with disappearing mouse pointer troubleshooting and configurations."
Hardware,Mouse,How to resolve problems with the mouse double-clicking unintentionally?,"If double-clicking occurs unexpectedly, adjust double-click speed settings, test with another mouse, and consider updating mouse drivers. Contact IT support for assistance with unintentional mouse double-clicking troubleshooting and configurations."
Hardware,Mouse,What to do if the mouse is not functioning after a system update?,"If post-update issues arise, check for driver updates, revert recent system changes, and consider reinstalling mouse drivers. Contact IT support for assistance with mouse post-update issues and configurations."
Hardware,Mouse,How to troubleshoot wireless connectivity issues with a wireless mouse?,"If connectivity problems occur, check for battery issues, re-establish the wireless connection, and consider testing with a wired connection. Contact IT support for assistance with wireless mouse connectivity troubleshooting and configurations."
Hardware,Mouse,What steps to take if the mouse pointer lags or freezes intermittently?,"If lag or freezing occurs, check for background processes, test with another surface, and consider updating mouse drivers. Contact IT support for assistance with lagging or freezing mouse pointer troubleshooting and configurations."
Network,DHCP,How to troubleshoot issues with IP address assignment from DHCP?,"If IP address problems arise, check DHCP server availability, release and renew IP configurations, and consider checking for network conflicts. Contact IT support for assistance with DHCP IP address assignment troubleshooting and network configurations."
Network,DHCP,What steps to take if devices are unable to obtain an IP address from DHCP?,"If address acquisition fails, verify DHCP server settings, check network connectivity, and consider testing with a static IP address. Contact IT support for assistance with DHCP IP address acquisition issues and network configurations."
Network,DHCP,How to resolve problems with DHCP lease expirations causing network disruptions?,"If lease expirations disrupt the network, adjust DHCP lease durations, monitor lease usage, and consider increasing DHCP scope. Contact IT support for assistance with DHCP lease expiration troubleshooting and network configurations."
Network,DHCP,What to do if specific devices receive incorrect IP addresses from DHCP?,"If incorrect addresses are assigned, check DHCP reservations, verify MAC address entries, and consider adjusting DHCP server settings. Contact IT support for assistance with DHCP incorrect address assignment troubleshooting and network configurations."
Network,DHCP,How to troubleshoot DHCP server unavailability issues?,"If the DHCP server is unavailable, check server status, review event logs, and consider restarting the DHCP service. Contact IT support for assistance with DHCP server unavailability troubleshooting and network configurations."
Network,DHCP,What steps to take if devices experience delays in obtaining IP addresses from DHCP?,"If delays occur, check DHCP server performance, review network traffic, and consider optimizing DHCP server settings. Contact IT support for assistance with DHCP address delay troubleshooting and network configurations."
Network,DHCP,How to resolve conflicts with duplicate IP addresses assigned by DHCP?,"If conflicts arise, investigate conflicting devices, adjust DHCP exclusions, and consider using DHCP reservations. Contact IT support for assistance with DHCP duplicate IP address conflict troubleshooting and network configurations."
Network,DHCP,What to do if devices receive IP addresses outside the DHCP scope?,"If addresses are outside the scope, verify DHCP scope settings, check for rogue DHCP servers, and consider adjusting scope boundaries. Contact IT support for assistance with DHCP scope issues and network configurations."
Network,DHCP,How to troubleshoot issues with devices not releasing DHCP leases properly?,"If lease releases fail, check device configurations, verify DHCP server settings, and consider testing with a static IP address. Contact IT support for assistance with DHCP lease release troubleshooting and network configurations."
Network,DHCP,What steps to take if DHCP relay agents fail to forward requests to the DHCP server?,"If relay agents fail, check agent configurations, verify network routes, and consider restarting the relay service. Contact IT support for assistance with DHCP relay agent failure troubleshooting and network configurations."
Network,Wireless,How to troubleshoot slow wireless network speeds?,"If experiencing slow speeds, check signal strength, reduce interference, and consider updating wireless drivers. Contact IT support for assistance with slow wireless network speed troubleshooting and configurations."
Network,Wireless,What steps to take if devices are unable to connect to the wireless network?,"If connection issues arise, check for SSID visibility, verify correct passphrase, and consider restarting the wireless router. Contact IT support for assistance with wireless network connection troubleshooting and configurations."
Network,Wireless,How to resolve intermittent disconnections on the wireless network?,"If disconnections occur, check for interference, update wireless firmware, and consider adjusting channel settings. Contact IT support for assistance with intermittent wireless network disconnection troubleshooting and configurations."
Network,Wireless,What to do if the wireless network has limited or no connectivity?,"If limited connectivity issues persist, restart the wireless router, check DHCP settings, and consider updating wireless drivers. Contact IT support for assistance with limited or no connectivity troubleshooting and configurations."
Network,Wireless,How to troubleshoot issues with mismatched wireless security settings?,"If security settings are mismatched, check encryption types, verify passphrases, and consider updating wireless security protocols. Contact IT support for assistance with mismatched wireless security settings troubleshooting and configurations."
Network,Wireless,What steps to take if the wireless network signal is weak or unstable?,"If signal problems persist, reposition the router, use signal boosters, and consider updating wireless firmware. Contact IT support for assistance with weak or unstable wireless network signal troubleshooting and configurations."
Network,Wireless,How to resolve problems with unauthorized access to the wireless network?,"If unauthorized access occurs, change wireless passwords, enable MAC filtering, and consider updating router firmware. Contact IT support for assistance with unauthorized access to the wireless network troubleshooting and configurations."
Network,Wireless,What to do if the wireless network is not visible on devices?,"If not visible, check SSID broadcasting settings, restart the wireless router, and consider updating device wireless drivers. Contact IT support for assistance with invisible wireless network troubleshooting and configurations."
Network,Wireless,How to troubleshoot issues with wireless network interference from other devices?,"If interference is detected, identify and remove conflicting devices, adjust wireless channels, and consider using 5GHz frequency. Contact IT support for assistance with wireless network interference troubleshooting and configurations."
Network,Wireless,What steps to take if the wireless network experiences high latency or ping times?,"If high latency occurs, check for network congestion, update wireless drivers, and consider adjusting Quality of Service (QoS) settings. Contact IT support for assistance with high latency or ping times on the wireless network troubleshooting and configurations."
Database,DB2,How to troubleshoot connection issues to the DB2 database server?,"If connection problems arise, check connection strings, verify credentials, and consider restarting the DB2 instance. Contact IT support for assistance with DB2 connection issue troubleshooting and configurations."
Database,DB2,What steps to take if there are performance issues with DB2 queries?,"If queries are slow, optimize SQL queries, create indexes, and consider updating DB2 statistics. Contact IT support for assistance with DB2 query performance issue troubleshooting and configurations."
Database,DB2,How to resolve problems with insufficient storage space in the DB2 database?,"If low storage space occurs, clean up unused data, resize tablespaces, and consider archiving data. Contact IT support for assistance with insufficient storage space in DB2 troubleshooting and configurations."
Database,DB2,What to do if there are errors during DB2 database backups?,"If backup errors occur, check backup scripts, verify storage availability, and consider testing with a small backup. Contact IT support for assistance with DB2 database backup error troubleshooting and configurations."
Database,DB2,How to troubleshoot issues with DB2 authentication failures?,"If authentication fails, verify user credentials, check password policies, and consider resetting user passwords. Contact IT support for assistance with DB2 authentication failure troubleshooting and configurations."
Database,DB2,What steps to take if there are deadlock issues in the DB2 database?,"If deadlocks occur, optimize transaction isolation levels, monitor lock contention, and consider adjusting application design. Contact IT support for assistance with DB2 deadlock issue troubleshooting and configurations."
Database,DB2,How to resolve issues with DB2 instance crashes or unavailability?,"If instances crash, check system logs, verify resource availability, and consider updating DB2 to the latest version. Contact IT support for assistance with DB2 instance crash or unavailability troubleshooting and configurations."
Database,DB2,What to do if there are errors during DB2 database restores?,"If restore errors occur, check restore scripts, verify storage availability, and consider testing with a small restore. Contact IT support for assistance with DB2 database restore error troubleshooting and configurations."
Database,DB2,How to troubleshoot issues with missing or corrupted data in the DB2 database?,"If data is missing or corrupted, check for application errors, run consistency checks, and consider restoring from a backup. Contact IT support for assistance with missing or corrupted data in DB2 troubleshooting and configurations."
Database,DB2,What steps to take if there are problems with DB2 transaction log management?,"If log issues arise, monitor log space, schedule regular log backups, and consider increasing log file size. Contact IT support for assistance with DB2 transaction log management troubleshooting and configurations."
Database,MS SQL Server,How to troubleshoot connection issues to the MS SQL Server database?,"If connection problems arise, check connection strings, verify credentials, and consider restarting the SQL Server instance. Contact IT support for assistance with SQL Server connection issue troubleshooting and configurations."
Database,MS SQL Server,What steps to take if there are performance issues with SQL queries?,"If queries are slow, optimize T-SQL queries, create indexes, and consider updating SQL Server statistics. Contact IT support for assistance with SQL Server query performance issue troubleshooting and configurations."
Database,MS SQL Server,How to resolve problems with insufficient storage space in the SQL Server database?,"If low storage space occurs, clean up unused data, resize data and log files, and consider archiving data. Contact IT support for assistance with insufficient storage space in SQL Server troubleshooting and configurations."
Database,MS SQL Server,What to do if there are errors during SQL Server database backups?,"If backup errors occur, check backup scripts, verify storage availability, and consider testing with a small backup. Contact IT support for assistance with SQL Server database backup error troubleshooting and configurations."
Database,MS SQL Server,How to troubleshoot issues with SQL Server authentication failures?,"If authentication fails, verify user credentials, check SQL Server authentication modes, and consider resetting user passwords. Contact IT support for assistance with SQL Server authentication failure troubleshooting and configurations."
Database,MS SQL Server,What steps to take if there are deadlock issues in the SQL Server database?,"If deadlocks occur, optimize transaction isolation levels, monitor lock contention, and consider adjusting application design. Contact IT support for assistance with SQL Server deadlock issue troubleshooting and configurations."
Database,MS SQL Server,How to resolve issues with SQL Server instance crashes or unavailability?,"If instances crash, check system logs, verify resource availability, and consider updating SQL Server to the latest version. Contact IT support for assistance with SQL Server instance crash or unavailability troubleshooting and configurations."
Database,MS SQL Server,What to do if there are errors during SQL Server database restores?,"If restore errors occur, check restore scripts, verify storage availability, and consider testing with a small restore. Contact IT support for assistance with SQL Server database restore error troubleshooting and configurations."
Database,MS SQL Server,How to troubleshoot issues with missing or corrupted data in the SQL Server database?,"If data is missing or corrupted, check for application errors, run DBCC checks, and consider restoring from a backup. Contact IT support for assistance with missing or corrupted data in SQL Server troubleshooting and configurations."
Database,MS SQL Server,What steps to take if there are problems with SQL Server transaction log management?,"If log issues arise, monitor log space, schedule regular log backups, and consider increasing log file size. Contact IT support for assistance with SQL Server transaction log management troubleshooting and configurations."
Network,DNS,How to troubleshoot DNS resolution issues on the network?,"If DNS resolution is problematic, check DNS server settings, test with alternative DNS servers, and consider flushing DNS cache. Contact IT support for assistance with DNS resolution troubleshooting and network configurations."
Network,DNS,What steps to take if specific domains cannot be resolved by DNS?,"If domains are not resolving, verify DNS server availability, check for DNS forwarding issues, and consider using public DNS servers. Contact IT support for assistance with domain resolution issues and network configurations."
Network,DNS,How to resolve issues with slow DNS query responses on the network?,"If DNS queries are slow, optimize DNS server performance, consider local caching, and test with alternative DNS servers. Contact IT support for assistance with slow DNS query response troubleshooting and network configurations."
Network,DNS,What to do if devices are unable to register with DNS dynamically?,"If dynamic registration fails, check DNS server configurations, verify device settings, and consider re-registering devices manually. Contact IT support for assistance with DNS dynamic registration issues and network configurations."
Network,DNS,How to troubleshoot DNS server unavailability issues?,"If the DNS server is unavailable, check server status, review event logs, and consider restarting the DNS service. Contact IT support for assistance with DNS server unavailability troubleshooting and network configurations."
Network,DNS,What steps to take if DNS records become outdated or incorrect?,"If records are outdated, review DNS aging settings, consider manual record updates, and verify DNS scavenging configurations. Contact IT support for assistance with outdated DNS records troubleshooting and network configurations."
Network,DNS,How to resolve conflicts with duplicate DNS entries?,"If conflicts arise, investigate conflicting entries, review DNS zone configurations, and consider adjusting record priorities. Contact IT support for assistance with duplicate DNS entry conflict troubleshooting and network configurations."
Network,DNS,What to do if DNS queries are redirected to incorrect servers?,"If redirection occurs, check for DNS hijacking, review router settings, and consider using DNS security features. Contact IT support for assistance with DNS query redirection troubleshooting and network configurations."
Network,DNS,How to troubleshoot issues with DNS over HTTPS (DoH) implementation?,"If DoH issues arise, verify DNS server support, check browser settings, and consider testing with traditional DNS. Contact IT support for assistance with DNS over HTTPS implementation troubleshooting and network configurations."
Network,DNS,What steps to take if devices experience delays in DNS resolution?,"If delays occur, optimize DNS server performance, check network latency, and consider using local caching. Contact IT support for assistance with DNS resolution delay troubleshooting and network configurations."
Network,IP Address,How to troubleshoot IP address conflicts on the network?,"If conflicts occur, investigate conflicting devices, check DHCP reservations, and consider using static IP addresses. Contact IT support for assistance with IP address conflict troubleshooting and network configurations."
Network,IP Address,What steps to take if devices are unable to obtain an IP address from DHCP?,"If address acquisition fails, verify DHCP server settings, check network connectivity, and consider testing with a static IP address. Contact IT support for assistance with DHCP IP address acquisition issues and network configurations."
Network,IP Address,How to resolve problems with IP address lease expirations causing network disruptions?,"If lease expirations disrupt the network, adjust DHCP lease durations, monitor lease usage, and consider increasing DHCP scope. Contact IT support for assistance with IP address lease expiration troubleshooting and network configurations."
Network,IP Address,What to do if devices receive incorrect IP addresses from DHCP?,"If incorrect addresses are assigned, check DHCP reservations, verify MAC address entries, and consider adjusting DHCP server settings. Contact IT support for assistance with DHCP incorrect address assignment troubleshooting and network configurations."
Network,IP Address,How to troubleshoot issues with devices not releasing IP addresses properly?,"If releases fail, check device configurations, verify DHCP server settings, and consider testing with a static IP address. Contact IT support for assistance with IP address release troubleshooting and network configurations."
Network,IP Address,What steps to take if devices are unable to communicate with certain IP addresses?,"If communication fails, check for network routing issues, verify firewall settings, and consider using alternative IP addresses. Contact IT support for assistance with IP address communication issues and network configurations."
Network,IP Address,How to resolve issues with IP address pool exhaustion on the network?,"If pool exhaustion occurs, expand the IP address pool, review DHCP lease durations, and consider optimizing address allocation. Contact IT support for assistance with IP address pool exhaustion troubleshooting and network configurations."
Network,IP Address,What to do if devices experience delays in IP address assignment from DHCP?,"If delays occur, check DHCP server performance, review network traffic, and consider optimizing DHCP server settings. Contact IT support for assistance with IP address assignment delay troubleshooting and network configurations."
Network,IP Address,How to troubleshoot issues with devices not releasing IP addresses properly?,"If releases fail, check device configurations, verify DHCP server settings, and consider testing with a static IP address. Contact IT support for assistance with IP address release troubleshooting and network configurations."
Network,IP Address,What steps to take if devices are unable to communicate with certain IP addresses?,"If communication fails, check for network routing issues, verify firewall settings, and consider using alternative IP addresses. Contact IT support for assistance with IP address communication issues and network configurations."
Network,VPN,How to troubleshoot VPN connection issues for remote users?,"If connection problems arise, check internet connectivity, review VPN client settings, and consider testing with alternative VPN servers. Contact IT support for assistance with remote VPN connection troubleshooting and network configurations."
Network,VPN,What steps to take if devices are unable to connect to the VPN server?,"If connection attempts fail, verify VPN server availability, check firewall settings, and consider using different VPN protocols. Contact IT support for assistance with VPN server connection issues and network configurations."
Network,VPN,How to resolve problems with slow VPN performance for remote users?,"If performance is slow, check for bandwidth limitations, optimize VPN server settings, and consider using split tunneling. Contact IT support for assistance with slow VPN performance troubleshooting and network configurations."
Network,VPN,What to do if VPN connections are dropping intermittently?,"If drops occur, check for network instability, review VPN server logs, and consider adjusting VPN timeout settings. Contact IT support for assistance with intermittent VPN connection drops troubleshooting and network configurations."
Network,VPN,How to troubleshoot issues with VPN authentication failures?,"If authentication fails, verify user credentials, check account status, and consider resetting user passwords. Contact IT support for assistance with VPN authentication failure troubleshooting and network configurations."
Network,VPN,What steps to take if VPN connections are blocked by firewalls or security software?,"If blocked, adjust firewall rules, review security software settings, and consider using VPN-friendly security solutions. Contact IT support for assistance with VPN connection blocking troubleshooting and network configurations."
Network,VPN,How to resolve problems with VPN server unavailability?,"If the VPN server is unavailable, check server status, review event logs, and consider restarting the VPN service. Contact IT support for assistance with VPN server unavailability troubleshooting and network configurations."
Network,VPN,What to do if VPN connections experience NAT traversal issues?,"If NAT traversal fails, check for NAT device compatibility, adjust VPN settings, and consider using VPN protocols that support NAT traversal. Contact IT support for assistance with VPN NAT traversal issue troubleshooting and network configurations."
Network,VPN,How to troubleshoot issues with VPN tunnel establishment failures?,"If tunnels fail to establish, check VPN server configurations, review security associations, and consider using different VPN protocols. Contact IT support for assistance with VPN tunnel establishment failure troubleshooting and network configurations."
Network,VPN,What steps to take if VPN clients are unable to access specific resources on the network?,"If access issues arise, check VPN client routes, review resource permissions, and consider adjusting firewall rules. Contact IT support for assistance with VPN client resource access troubleshooting and network configurations."
Network,Oracle,How to troubleshoot connection issues to the Oracle database server?,"If connection problems arise, check connection strings, verify credentials, and consider restarting the Oracle listener. Contact IT support for assistance with Oracle database connection issue troubleshooting and configurations."
Network,Oracle,What steps to take if there are performance issues with Oracle SQL queries?,"If queries are slow, optimize SQL queries, create indexes, and consider updating Oracle database statistics. Contact IT support for assistance with Oracle SQL query performance issue troubleshooting and configurations."
Network,Oracle,How to resolve problems with insufficient storage space in the Oracle database?,"If low storage space occurs, clean up unused data, resize tablespaces, and consider archiving data. Contact IT support for assistance with insufficient storage space in Oracle troubleshooting and configurations."
Network,Oracle,What to do if there are errors during Oracle database backups?,"If backup errors occur, check backup scripts, verify storage availability, and consider testing with a small backup. Contact IT support for assistance with Oracle database backup error troubleshooting and configurations."
Network,Oracle,How to troubleshoot issues with Oracle authentication failures?,"If authentication fails, verify user credentials, check Oracle authentication methods, and consider resetting user passwords. Contact IT support for assistance with Oracle authentication failure troubleshooting and configurations."
Network,Oracle,What steps to take if there are deadlock issues in the Oracle database?,"If deadlocks occur, optimize transaction isolation levels, monitor lock contention, and consider adjusting application design. Contact IT support for assistance with Oracle deadlock issue troubleshooting and configurations."
Network,Oracle,How to resolve issues with Oracle database instance crashes or unavailability?,"If instances crash, check Oracle alert logs, verify resource availability, and consider updating Oracle to the latest version. Contact IT support for assistance with Oracle database instance crash or unavailability troubleshooting and configurations."
Network,Oracle,What to do if there are errors during Oracle database restores?,"If restore errors occur, check restore scripts, verify storage availability, and consider testing with a small restore. Contact IT support for assistance with Oracle database restore error troubleshooting and configurations."
Network,Oracle,How to troubleshoot issues with missing or corrupted data in the Oracle database?,"If data is missing or corrupted, check for application errors, run integrity checks, and consider restoring from a backup. Contact IT support for assistance with missing or corrupted data in Oracle troubleshooting and configurations."
Network,Oracle,What steps to take if there are problems with Oracle transaction log management?,"If log issues arise, monitor log space, schedule regular log backups, and consider increasing log file size. Contact IT support for assistance with Oracle transaction log management troubleshooting and configurations."